--ROLE TABLE
INSERT INTO role (id, code, description, creation_date)
VALUES ('ID_ROLE_USER', 'USER', 'Pouca permissão', '2024-05-13 17:47:32.028259');

INSERT INTO role (id, code, description, creation_date)
VALUES ('ID_ROLE_ADMIN', 'ADMIN', 'Acesso total', '2024-05-13 17:47:32.028259');


--USER_ACCOUNT TABLE
INSERT INTO user_account (id, creation_date, email, name, password, last_update_date_password, is_enabled, is_account_non_locked, is_deactivated)
VALUES ('ID_USER_RUAN', '2024-05-13 17:47:32.028259', 'ruan@gmail.com', 'Ruan Felipe', '$2a$10$/Ewn34uMOhPGZFvZtOem9e3Nkf6K/CCkjfMZTBfaeufKXWn7AFRlG', '2024-05-13 17:47:32.028259', true, true, false);

INSERT INTO user_account (id, creation_date, email, name, password, last_update_date_password, is_enabled, is_account_non_locked, is_deactivated)
VALUES ('ID_USER_VITOR', '2024-05-29 19:00:37.690832', 'vitor@gmail.com', 'Vitor Hugo', '$2a$10$/Ewn34uMOhPGZFvZtOem9e3Nkf6K/CCkjfMZTBfaeufKXWn7AFRlG', '2024-05-13 17:47:32.028259', true, true, false);

INSERT INTO user_account (id, creation_date, email, name, password, last_update_date_password, is_enabled, is_account_non_locked, is_deactivated)
VALUES ('ID_USER_DUQUE', '2024-05-29 19:00:37.690832', 'duque@gmail.com', 'Duque de Caixias', '$2a$10$/Ewn34uMOhPGZFvZtOem9e3Nkf6K/CCkjfMZTBfaeufKXWn7AFRlG', '2024-05-13 17:47:32.028259', true, true, false);

INSERT INTO user_account (id, creation_date, email, name, password, last_update_date_password, is_enabled, is_account_non_locked, is_deactivated)
VALUES ('ID_USER_LANNA', '2024-05-29 19:00:37.690832', 'lanna@gmail.com', 'Lanna T.', '$2a$10$/Ewn34uMOhPGZFvZtOem9e3Nkf6K/CCkjfMZTBfaeufKXWn7AFRlG', '2024-05-13 17:47:32.028259', true, true, false);

INSERT INTO user_account (id, creation_date, email, name, password, last_update_date_password, is_enabled, is_account_non_locked, is_deactivated)
VALUES ('ID_USER_GUILHERME', '2024-05-29 19:00:37.690832', 'guilherme@gmail.com', 'Guilherme Henrik', '$2a$10$/Ewn34uMOhPGZFvZtOem9e3Nkf6K/CCkjfMZTBfaeufKXWn7AFRlG', '2024-05-13 17:47:32.028259', true, true, false);

INSERT INTO user_account (id, creation_date, email, name, password, last_update_date_password, is_enabled, is_account_non_locked, is_deactivated)
VALUES ('ID_USER_ALICE', '2024-05-29 19:00:37.690832', 'alice@gmail.com', 'Alice Rodrigues', '$2a$10$/Ewn34uMOhPGZFvZtOem9e3Nkf6K/CCkjfMZTBfaeufKXWn7AFRlG', '2024-05-13 17:47:32.028259', true, true, false);

INSERT INTO user_account (id, creation_date, email, name, password, last_update_date_password, is_enabled, is_account_non_locked, is_deactivated)
VALUES ('ID_USER_MARIA', '2024-05-29 19:00:37.690832', 'maria@gmail.com', 'Maria Carvalho', '$2a$10$/Ewn34uMOhPGZFvZtOem9e3Nkf6K/CCkjfMZTBfaeufKXWn7AFRlG', '2024-05-13 17:47:32.028259', true, true, false);

INSERT INTO user_account (id, creation_date, email, name, password, last_update_date_password, is_enabled, is_account_non_locked, is_deactivated)
VALUES ('ID_USER_DIEGO', '2024-05-29 19:00:37.690832', 'diego@gmail.com', 'Diego Silvarios', '$2a$10$/Ewn34uMOhPGZFvZtOem9e3Nkf6K/CCkjfMZTBfaeufKXWn7AFRlG', '2024-05-13 17:47:32.028259', true, true, false);

INSERT INTO user_account (id, creation_date, email, name, password, last_update_date_password, is_enabled, is_account_non_locked, is_deactivated)
VALUES ('ID_USER_COCOTA', '2024-05-29 19:00:37.690832', 'cocota@gmail.com', 'Cocota Fofinha', '$2a$10$/Ewn34uMOhPGZFvZtOem9e3Nkf6K/CCkjfMZTBfaeufKXWn7AFRlG', '2024-05-13 17:47:32.028259', true, true, false);

INSERT INTO user_account (id, creation_date, email, name, password, last_update_date_password, is_enabled, is_account_non_locked, is_deactivated)
VALUES ('ID_USER_LOBO', '2024-05-29 19:00:37.690832', 'lobo@gmail.com', 'Lobo Cachorro', '$2a$10$/Ewn34uMOhPGZFvZtOem9e3Nkf6K/CCkjfMZTBfaeufKXWn7AFRlG', '2024-05-13 17:47:32.028259', true, true, false);

INSERT INTO user_account (id, creation_date, email, name, password, last_update_date_password, is_enabled, is_account_non_locked, is_deactivated)
VALUES ('ID_USER_ARTHUR', '2024-05-29 19:00:37.690832', 'arthur@gmail.com', 'Arthur Duarte', '$2a$10$/Ewn34uMOhPGZFvZtOem9e3Nkf6K/CCkjfMZTBfaeufKXWn7AFRlG', '2024-05-13 17:47:32.028259', true, true, false);

INSERT INTO user_account (id, creation_date, email, name, password, last_update_date_password, is_enabled, is_account_non_locked, is_deactivated)
VALUES ('ID_USER_SABRINA', '2024-05-29 19:00:37.690832', 'sabrina@gmail.com', 'Sabrina Sapiens', '$2a$10$/Ewn34uMOhPGZFvZtOem9e3Nkf6K/CCkjfMZTBfaeufKXWn7AFRlG', '2024-05-13 17:47:32.028259', true, true, false);

INSERT INTO user_account (id, creation_date, email, name, password, last_update_date_password, is_enabled, is_account_non_locked, is_deactivated)
VALUES ('ID_USER_PAOLO', '2024-05-29 19:00:37.690832', 'paolo@gmail.com', 'Paolo Spera', '$2a$10$/Ewn34uMOhPGZFvZtOem9e3Nkf6K/CCkjfMZTBfaeufKXWn7AFRlG', '2024-05-13 17:47:32.028259', true, true, false);

INSERT INTO user_account (id, creation_date, email, name, password, last_update_date_password, is_enabled, is_account_non_locked, is_deactivated)
VALUES ('ID_USER_EMANOELE', '2024-05-29 19:00:37.690832', 'emanoele@gmail.com', 'Emanoele Rosa', '$2a$10$/Ewn34uMOhPGZFvZtOem9e3Nkf6K/CCkjfMZTBfaeufKXWn7AFRlG', '2024-05-13 17:47:32.028259', true, true, false);

--USER_ACCOUNT_ROLE
INSERT INTO user_account_role (id_user_account, id_role)
VALUES ('ID_USER_RUAN', 'ID_ROLE_USER');

INSERT INTO user_account_role (id_user_account, id_role)
VALUES ('ID_USER_VITOR', 'ID_ROLE_USER');

INSERT INTO user_account_role (id_user_account, id_role)
VALUES ('ID_USER_DUQUE', 'ID_ROLE_USER');

INSERT INTO user_account_role (id_user_account, id_role)
VALUES ('ID_USER_LANNA', 'ID_ROLE_ADMIN');

INSERT INTO user_account_role (id_user_account, id_role)
VALUES ('ID_USER_GUILHERME', 'ID_ROLE_USER');

INSERT INTO user_account_role (id_user_account, id_role)
VALUES ('ID_USER_ALICE', 'ID_ROLE_USER');

INSERT INTO user_account_role (id_user_account, id_role)
VALUES ('ID_USER_MARIA', 'ID_ROLE_USER');

INSERT INTO user_account_role (id_user_account, id_role)
VALUES ('ID_USER_DIEGO', 'ID_ROLE_USER');

INSERT INTO user_account_role (id_user_account, id_role)
VALUES ('ID_USER_COCOTA', 'ID_ROLE_ADMIN');

INSERT INTO user_account_role (id_user_account, id_role)
VALUES ('ID_USER_ARTHUR', 'ID_ROLE_ADMIN');

INSERT INTO user_account_role (id_user_account, id_role)
VALUES ('ID_USER_SABRINA', 'ID_ROLE_ADMIN');

INSERT INTO user_account_role (id_user_account, id_role)
VALUES ('ID_USER_PAOLO', 'ID_ROLE_ADMIN');

INSERT INTO user_account_role (id_user_account, id_role)
VALUES ('ID_USER_PAOLO', 'ID_ROLE_USER');

INSERT INTO user_account_role (id_user_account, id_role)
VALUES ('ID_USER_EMANOELE', 'ID_ROLE_ADMIN');
